{
  "prompt_v1_scores": {
    "faithfulness": 0.765950937950938,
    "answer_relevancy": NaN,
    "context_recall": 0.98,
    "context_precision": 0.9683333332525834
  },
  "prompt_v2_scores": {
    "faithfulness": 0.7204904982549176,
    "answer_relevancy": 0.811719072876112,
    "context_recall": 0.98,
    "context_precision": 0.9649999999200835
  },
  "target_met": false
}